{"mean":{"confidence_interval":{"confidence_level":0.95,"lower_bound":12756128.55,"upper_bound":12866837.85625},"point_estimate":12810041.25,"standard_error":28309.1616657207},"median":{"confidence_interval":{"confidence_level":0.95,"lower_bound":12711000.0,"upper_bound":12805650.0},"point_estimate":12756087.5,"standard_error":24649.332368002306},"median_abs_dev":{"confidence_interval":{"confidence_level":0.95,"lower_bound":148037.6073718071,"upper_bound":289477.6448607445},"point_estimate":204413.47137093544,"standard_error":35996.02365324176},"slope":null,"std_dev":{"confidence_interval":{"confidence_level":0.95,"lower_bound":221473.2495582398,"upper_bound":344988.0730777122},"point_estimate":283277.7125302148,"standard_error":31944.796926892155}}