{"mean":{"confidence_interval":{"confidence_level":0.95,"lower_bound":272770332.0,"upper_bound":277853485.35},"point_estimate":275222334.0,"standard_error":1297343.7184580122},"median":{"confidence_interval":{"confidence_level":0.95,"lower_bound":267306800.0,"upper_bound":275733000.0},"point_estimate":269374950.0,"standard_error":2425618.4168945476},"median_abs_dev":{"confidence_interval":{"confidence_level":0.95,"lower_bound":4594577.318429947,"upper_bound":14035699.820816517},"point_estimate":7971643.538475037,"standard_error":2528792.7189598456},"slope":null,"std_dev":{"confidence_interval":{"confidence_level":0.95,"lower_bound":10355049.218494229,"upper_bound":15493049.78272529},"point_estimate":13069112.93761769,"standard_error":1312570.1165752877}}