{"mean":{"confidence_interval":{"confidence_level":0.95,"lower_bound":195386382.8,"upper_bound":197661260.25},"point_estimate":196401804.0,"standard_error":585754.7385269038},"median":{"confidence_interval":{"confidence_level":0.95,"lower_bound":194514050.0,"upper_bound":195531600.0},"point_estimate":195046700.0,"standard_error":250945.12135492993},"median_abs_dev":{"confidence_interval":{"confidence_level":0.95,"lower_bound":1668221.4903831482,"upper_bound":3097521.995007992},"point_estimate":2350513.998270035,"standard_error":384949.2831904939},"slope":null,"std_dev":{"confidence_interval":{"confidence_level":0.95,"lower_bound":3021016.882459733,"upper_bound":8686890.287808882},"point_estimate":5871890.4317785185,"standard_error":1579844.0145105335}}