{"mean":{"confidence_interval":{"confidence_level":0.95,"lower_bound":6547432.925,"upper_bound":6627691.565625},"point_estimate":6584603.875,"standard_error":20551.317163941483},"median":{"confidence_interval":{"confidence_level":0.95,"lower_bound":6515887.5,"upper_bound":6544637.5},"point_estimate":6530175.0,"standard_error":7719.379277435778},"median_abs_dev":{"confidence_interval":{"confidence_level":0.95,"lower_bound":51696.407832205296,"upper_bound":102521.78817987442},"point_estimate":72721.52870893478,"standard_error":12562.040291567117},"slope":null,"std_dev":{"confidence_interval":{"confidence_level":0.95,"lower_bound":134982.65206560973,"upper_bound":267001.2131370323},"point_estimate":206919.6165587987,"standard_error":33750.27088038228}}