{"mean":{"confidence_interval":{"confidence_level":0.95,"lower_bound":6522145.828125,"upper_bound":6580822.9375},"point_estimate":6548754.375,"standard_error":15006.019715803774},"median":{"confidence_interval":{"confidence_level":0.95,"lower_bound":6507762.5,"upper_bound":6547443.75},"point_estimate":6525600.0,"standard_error":9307.181320245867},"median_abs_dev":{"confidence_interval":{"confidence_level":0.95,"lower_bound":52910.28656065464,"upper_bound":94645.70747595275},"point_estimate":80949.95856285095,"standard_error":11177.146241194656},"slope":null,"std_dev":{"confidence_interval":{"confidence_level":0.95,"lower_bound":81004.13478844846,"upper_bound":219147.2192752687},"point_estimate":150895.14391873058,"standard_error":36901.85809801577}}