{"mean":{"confidence_interval":{"confidence_level":0.95,"lower_bound":73659234.0,"upper_bound":75734815.0},"point_estimate":74657570.0,"standard_error":528287.6801854942},"median":{"confidence_interval":{"confidence_level":0.95,"lower_bound":72199100.0,"upper_bound":74497050.0},"point_estimate":73082250.0,"standard_error":559234.1278299324},"median_abs_dev":{"confidence_interval":{"confidence_level":0.95,"lower_bound":2829023.1397747993,"upper_bound":4968933.811783791},"point_estimate":3976333.1294059753,"standard_error":547758.2185593579},"slope":null,"std_dev":{"confidence_interval":{"confidence_level":0.95,"lower_bound":3923091.214448739,"upper_bound":6696337.263662491},"point_estimate":5322035.552105866,"standard_error":717863.8373312136}}