{"mean":{"confidence_interval":{"confidence_level":0.95,"lower_bound":12902373.75,"upper_bound":13028807.59375},"point_estimate":12960043.5,"standard_error":32382.768343953263},"median":{"confidence_interval":{"confidence_level":0.95,"lower_bound":12874112.5,"upper_bound":12962287.5},"point_estimate":12910050.0,"standard_error":24861.124725254165},"median_abs_dev":{"confidence_interval":{"confidence_level":0.95,"lower_bound":142181.33747577667,"upper_bound":266608.54026675224},"point_estimate":204913.84886205196,"standard_error":32232.69423486307},"slope":null,"std_dev":{"confidence_interval":{"confidence_level":0.95,"lower_bound":192192.80616393918,"upper_bound":466374.43149221246},"point_estimate":325123.37956481456,"standard_error":78305.58957847253}}