{"mean":{"confidence_interval":{"confidence_level":0.95,"lower_bound":12952879.25,"upper_bound":13115805.5},"point_estimate":13030352.5,"standard_error":41475.62095837707},"median":{"confidence_interval":{"confidence_level":0.95,"lower_bound":12847550.0,"upper_bound":12981600.0},"point_estimate":12898637.5,"standard_error":37444.4231305435},"median_abs_dev":{"confidence_interval":{"confidence_level":0.95,"lower_bound":192052.2940903902,"upper_bound":381825.0907212496},"point_estimate":265200.0702917576,"standard_error":46437.84654728383},"slope":null,"std_dev":{"confidence_interval":{"confidence_level":0.95,"lower_bound":318028.880667362,"upper_bound":508526.20907068846},"point_estimate":418225.85001703893,"standard_error":48869.853380290624}}