{"mean":{"confidence_interval":{"confidence_level":0.95,"lower_bound":52818937.275,"upper_bound":53388943.0},"point_estimate":53090942.0,"standard_error":144449.2402504188},"median":{"confidence_interval":{"confidence_level":0.95,"lower_bound":52708400.0,"upper_bound":53294150.0},"point_estimate":52985800.0,"standard_error":166142.50764756836},"median_abs_dev":{"confidence_interval":{"confidence_level":0.95,"lower_bound":1123364.1468063,"upper_bound":1659548.2805371284},"point_estimate":1359544.175863266,"standard_error":140737.41619264093},"slope":null,"std_dev":{"confidence_interval":{"confidence_level":0.95,"lower_bound":1076777.6450170076,"upper_bound":1915139.0558956498},"point_estimate":1456853.7135425184,"standard_error":235900.46976911012}}