{"mean":{"confidence_interval":{"confidence_level":0.95,"lower_bound":159763327.7,"upper_bound":163557440.925},"point_estimate":161567156.0,"standard_error":969354.9047288375},"median":{"confidence_interval":{"confidence_level":0.95,"lower_bound":156889900.0,"upper_bound":161563100.0},"point_estimate":159143350.0,"standard_error":1097490.0434604199},"median_abs_dev":{"confidence_interval":{"confidence_level":0.95,"lower_bound":5181368.149012329,"upper_bound":9019989.979863167},"point_estimate":6719143.080711365,"standard_error":899404.337059772},"slope":null,"std_dev":{"confidence_interval":{"confidence_level":0.95,"lower_bound":7189811.925774128,"upper_bound":12125427.257735305},"point_estimate":9764308.881627118,"standard_error":1270157.9536212888}}