{"mean":{"confidence_interval":{"confidence_level":0.95,"lower_bound":743120327.275,"upper_bound":747950687.025},"point_estimate":745416449.0,"standard_error":1228855.619358458},"median":{"confidence_interval":{"confidence_level":0.95,"lower_bound":739734300.0,"upper_bound":743695650.0},"point_estimate":742317150.0,"standard_error":1028842.5202595701},"median_abs_dev":{"confidence_interval":{"confidence_level":0.95,"lower_bound":5599557.710587978,"upper_bound":10066631.431281567},"point_estimate":7866675.4603385925,"standard_error":1171236.303901408},"slope":null,"std_dev":{"confidence_interval":{"confidence_level":0.95,"lower_bound":9678813.768987322,"upper_bound":14889571.998201592},"point_estimate":12430211.83049624,"standard_error":1332166.072971624}}